/releases               /releases/index.html                301
/artwork                /artwork/index.html                 301
/screenshots            /screenshots/index.html             301
/installation           /installation/index.html            301
/showcase               /showcase/index.html                301
/shell-plugins          /shell-plugins/index.html           301
/secyrity               /security/index.html                301
/development            /development/index.html             301
/profiles               /profiles/index.html                301
/profiles               /profiles/index.html                301
/production             /production/index.html              301
/cloudfoundry             /cloudfoundry/index.html              301
/heroku             /heroku/index.html              301
/kubernetes             /kubernetes/index.html              301
/openshift             /openshift/index.html              301
/rancher             /rancher/index.html              301
/aws             /aws/index.html              301
/boxfuse             /boxfuse/index.html              301
/marketplace             /marketplace/index.html              301
/tips             /tips/index.html              301
/help             /help/index.html              301
/consulting             /consulting/index.html              301
/training             /training/index.html              301
/meetups             /meetups/index.html              301
/policies             /policies/index.html              301
/artwork             /artwork/index.html              301